year,Cornerback,Defensive Lineman,Linebacker,Offensive Lineman,Quarterback,Running Back,Safety,Special Teamer,Tight End,Wide Receiver
2011,11265916,17818000,16420000,15960000,17228125,12955000,8871428,4300000,8734375,16250000
2011,11000000,16200000,15623000,12800000,16000000,10873833,8787500,3725000,8591000,14175000
2011,10000000,12476000,11825000,11767500,14400000,9479000,8282500,3556176,8290000,11424000
2011,10000000,11904706,10083333,10358200,14100000,7700000,8000000,3500000,7723333,11415000
2011,10000000,11762782,10020000,10000000,13510000,7500000,7804333,3250000,6974666,10800000
2011,9244117,11340000,8150000,9859166,13250000,7033000,7652700,3225000,6133333,9993750
2011,8000000,10000000,7812500,9500000,12950000,6750000,7550000,2900000,5962500,8605200
2011,7900000,9482500,7700000,9420000,12574700,6370002,7500000,2850000,4687500,8273333
2011,7400000,8450000,7200000,8880000,12465000,6000000,5745000,2600000,4536666,7827500
2011,7000000,8383266,7100000,8686750,11320000,4933333,5250000,2600000,4200000,7531250
2011,6837500,7416666,6921250,8533333,9500000,4500000,4256752,2400000,3850000,6525000
2011,6750000,7200000,6575000,8516667,9000000,4323353,4237500,2400000,3812500,6494668
2011,6345000,7100000,6550000,8390000,8879000,4310000,4066075,2375000,3796500,5600000
2011,6330000,7076667,6538413,7984863,7750000,3750000,4000000,2250000,3750000,5145443
2011,6183333,6875000,6488000,7400000,7075000,3750000,4000000,2250000,3023000,4475000
2011,5600000,6419250,6150000,6834000,6410499,3340000,3925000,2200000,3000000,4406250
2011,5400000,6100000,6118333,6730000,6123750,3255000,3750000,2150000,2800000,4200000
2011,5400000,5983333,6075000,6723176,5725000,2822916,3650000,2150000,2675000,4166666
2011,5350000,5600000,6000000,6540000,5610000,2750000,3600000,2100000,2416667,4000000
2011,5116666,5600000,5724168,6500000,5387500,2650500,3500000,2000000,2333333,4000000
2011,5000000,5532000,5650000,6500000,5050000,2610000,3500000,1980000,2250000,3853000
2011,4866667,5300000,5600000,6200000,5000000,2588800,3250000,1916667,2125000,3815000
2011,4864727,5300000,5551250,6093750,4900000,2572500,3156000,1900000,2051667,3610000
2011,4793000,5225000,5378750,5812500,4600000,2475000,3135000,1835000,2002500,3600000
2011,4500000,5166667,5291470,5700000,4004636,2375000,3035000,1835000,1864375,3579655
2011,4400000,5100000,5265000,5500000,4000000,2250000,2600000,1812500,1771250,3500000
2011,4250000,5100000,5225000,5500000,4000000,2250000,2583333,1800000,1720000,3275000
2011,4230000,5000000,5000000,5500000,4000000,2250000,2550000,1700000,1610000,3250000
2011,4166667,4955000,5000000,5473625,3466667,2175000,2513750,1675000,1500000,3225000
2011,3823529,4950000,5000000,5267100,3250000,2140000,2500000,1513333,1383333,3200000
2011,3812500,4900000,4900000,5200000,3250000,2083750,2480000,1500000,1363250,3125000
2011,3600000,4698000,4750000,4915166,3250000,1927333,2458333,1350000,1333333,3017000
2011,3500000,4645000,4566667,4896000,3200000,1920000,2287500,1342500,1225000,2957500
2011,3500000,4640000,4511668,4883333,3050000,1882500,2250000,1340000,1200000,2775000
2011,3480000,4500000,4400000,4879375,2750000,1835000,2000000,1338000,1200000,2755073
2011,3470000,4500000,4350000,4850000,2750000,1835000,2000000,1335000,1060000,2750000
2011,3350818,4500000,4250010,4775000,2740000,1750000,1896750,1290000,1055500,2666833
2011,3333333,4383333,4000000,4747500,2616667,1750000,1835000,1205000,1018334,2600000
2011,3200000,4308120,4000000,4600000,2500000,1738250,1759000,1200000,1000000,2583333
2011,2800000,4200000,4000000,4575000,2500000,1585000,1716666,1147500,973985,2500000
2011,2666667,4000000,3964706,4460417,2288364,1500000,1700000,1131875,960000,2407000
2011,2611000,4000000,3829166,4412500,2273225,1348500,1695000,1105200,945500,2400000
2011,2610000,4000000,3818251,4333333,2270000,1325000,1603750,1086000,906668,2350000
2011,2322000,4000000,3700000,4297078,2182118,1200000,1600000,1051666,850000,2333333
2011,2250000,3950000,3625000,4200000,2111875,1050000,1600000,1047600,841791,2266667
2011,2173334,3937500,3500000,4037500,2000000,1000000,1590000,1035000,785000,2256000
2011,2150000,3900000,3500000,4000000,2000000,995000,1579500,1000000,774250,2161250
2011,2125000,3768750,3500000,4000000,1847036,983333,1566667,958333,768437,2100000
2011,1953750,3710418,3500000,4000000,1800000,980000,1500000,933416,705393,2091250
2011,1950000,3585000,3431750,4000000,1250000,916666,1416667,918333,700000,2000000
2011,1889705,3477500,3400000,3875000,1200000,910442,1385000,916667,700000,2000000
2011,1812500,3350000,3250000,3760000,1200000,910000,1382500,910000,685000,1960000
2011,1800000,3250000,3050000,3714000,1150000,875000,1375000,900000,685000,1900000
2011,1733333,3250000,3000000,3675000,948036,867530,1345000,883333,670833,1899500
2011,1707312,3060000,3000000,3500000,935000,821000,1300000,880000,633250,1835000
2011,1581000,3050000,3000000,3500000,931691,763462,1300000,853750,621662,1813000
2011,1540500,3000000,3000000,3500000,887500,714370,1250000,850000,605000,1783800
2011,1507400,3000000,2900000,3400000,810000,674250,1247500,810000,595000,1752500
2011,1487436,2933333,2700000,3300000,771500,655000,1225000,785000,573667,1745000
2011,1474500,2854667,2615273,3172000,735000,650000,1200000,780000,571285,1700000
2011,1400000,2850000,2500000,3165000,727500,640000,1200000,691666,571023,1680000
2011,1367166,2828000,2425000,3100000,700000,624396,1083333,685000,570025,1666666
2011,1356672,2800000,2400000,3100000,650000,611500,1075000,685000,552625,1558752
2011,1316250,2750000,2400000,3031000,637750,600000,1050000,660500,536725,1555000
2011,1309370,2750000,2400000,3000000,631375,588435,1025000,600000,536066,1554250
2011,1246250,2611000,2375000,2920000,616043,585500,1020000,600000,535137,1443750
2011,1200000,2500000,2325000,2900000,613000,579381,1000000,600000,525000,1400000
2011,1200000,2475000,2303333,2800000,547750,575000,985000,573750,525000,1376012
2011,1050000,2350000,2300000,2800000,535969,575000,935000,552280,525000,1373018
2011,1030000,2345000,2274000,2800000,529166,565625,925000,529500,525000,1362500
2011,1025000,2333333,2225000,2800000,525000,561635,922500,525000,525000,1220528
2011,985000,2315000,2196000,2760000,525000,555000,901896,525000,518225,1217900
2011,964382,2250000,2166667,2754167,525000,555000,893333,521250,503878,1213507
2011,850000,2250000,2077000,2725000,525000,555000,885000,517125,502750,1200000
2011,817750,2061250,2012500,2700000,525000,555000,875000,496812,495606,1151862
2011,775500,2043182,2000000,2700000,525000,544377,808750,480027,494350,1094750
2011,765000,2000000,2000000,2650000,521696,537500,785225,480000,493172,971750
2011,750000,2000000,1905000,2611000,495412,537000,765000,450000,490700,957450
2011,748074,1998100,1840000,2535000,480000,534612,755000,450000,480000,938250
2011,745000,1920000,1835000,2500000,480000,530250,751000,450000,480000,925000
2011,733250,1875000,1750000,2500000,478556,525000,735000,450000,480000,902647
2011,725000,1850000,1747500,2500000,473128,525000,735000,450000,480000,888626
2011,720625,1850000,1715646,2500000,465000,525000,719200,405000,480000,860000
2011,716250,1842500,1685000,2475000,455000,525000,688000,405000,476212,860000
2011,706375,1835000,1650000,2433333,450000,525000,683956,405000,471000,850000
2011,701506,1800000,1600000,2400000,450000,525000,682333,405000,462250,829331
2011,694625,1798000,1600000,2388236,427763,525000,676476,405000,453333,810000
2011,690937,1644548,1585508,2350000,421250,525000,668775,398950,450000,775000
2011,685000,1628353,1533333,2308250,417215,525000,654318,380833,450000,750250
2011,685000,1615000,1500000,2272018,401327,503750,647562,375833,450000,725000
2011,684434,1600000,1475000,2266250,391288,492563,607500,375833,450000,710813
2011,668000,1595000,1385000,2250000,375333,490500,600600,375333,431550,705687
2011,654946,1583120,1373750,2250000,375000,484805,600000,375333,424625,700000
2011,652175,1552222,1361000,2191250,330000,481301,600000,375000,424562,695187
2011,640000,1550000,1300000,2166667,330000,480000,600000,375000,424500,685000
2011,640000,1511954,1286666,2159750,154412,480000,579675,375000,420413,685000
2011,637525,1506250,1285000,2100000,44117,480000,576500,375000,405667,676870
2011,630333,1500000,1270000,2050000,,476250,575875,375000,405000,670333
2011,600000,1492758,1250000,2000000,,475946,565625,375000,405000,662789
2011,600000,1471500,1243687,1974000,,475125,555000,,405000,655812
2012,11765916,19007500,19035000,14857000,18000000,12705000,11062500,4900000,8750000,20500000
2012,11250000,14403194,17777332,13560000,15595000,11370002,9571428,4500000,8141000,15432000
2012,11000000,12183333,15623000,12980393,15310000,9478833,9137500,4450000,7070500,11750000
2012,10281000,11000000,14464706,12800000,13900000,9279000,9000000,3810000,7000000,9515000
2012,9987280,10605000,12000000,11500000,13500000,8700000,8045500,3675000,6876478,9515000
2012,9845000,10400000,11520000,10000000,11150000,8000000,7600000,3616667,6362500,9500000
2012,9750000,9800000,11325000,9500000,10500000,7530300,6350000,3225000,5915625,9250000
2012,8500000,9500000,9700000,8960000,10400000,7000000,6225000,3200000,5446000,8200000
2012,8250000,9442500,9125000,8834000,9600000,6800000,6212000,3000000,5250000,8159000
2012,8000000,9375000,9030000,7250000,9600000,6300000,5448750,3000000,4996666,8025000
2012,7400000,9000000,8856000,7000000,9250000,6025000,5000000,2862500,4375000,7972500
2012,7400000,8808000,7700000,6750000,8935000,6000000,5000000,2825000,4000000,7531250
2012,6500000,8768000,7546750,6750000,8895000,5500000,4700000,2654000,3989375,7513111
2012,6044117,8600000,7348333,6508000,8500000,5000000,4625000,2612500,3787000,7494668
2012,6000000,8416666,7000000,6433333,8060499,4833333,4383333,2400000,3290000,4770443
2012,6000000,7950000,7000000,6000000,8000000,4500000,4300000,2400000,2700000,4700000
2012,6000000,7566000,6889554,5829375,8000000,4250000,4250000,2305000,2660000,4684375
2012,5500000,6650000,6550000,5412500,7915000,3873750,4000000,2200000,2550000,4666666
2012,5466667,6575000,6500000,5350000,7853125,3725250,4000000,2016250,2500000,4550000
2012,5216668,6562500,6200000,5250000,7575000,3680000,3292000,1963000,2475000,4474568
2012,4848000,6233333,6033333,5240100,7500000,3477500,3000000,1937500,2400000,4300000
2012,4844531,5950000,5950000,5039500,6000000,3375000,2961250,1900000,2336250,4300000
2012,4833333,5750000,5850000,4883333,5005795,3270833,2925000,1850000,2333334,4203000
2012,4822454,5737500,5750000,4850000,4019636,3017500,2800000,1812500,2250000,4160500
2012,4625000,5666667,5750000,4620000,4000000,3000000,2666666,1687500,2150000,3825000
2012,4575000,5600000,5500000,4582250,3839836,2800000,2625000,1675000,2011500,3750000
2012,4279168,5455000,5400000,4550000,3525000,2770030,2400000,1633333,2000000,3678125
2012,4188523,5433266,5300000,4500000,3500000,2500000,2050000,1610000,1905000,3660250
2012,4050000,5350000,4940000,4460417,3160000,2443800,2000000,1600000,1800000,3625000
2012,4000000,5218750,4932555,4451666,2860455,2260000,2000000,1450000,1708333,3375000
2012,3787500,5175000,4932500,4415166,2727647,2250000,1950000,1399000,1666666,3365818
2012,3625000,5093750,4812500,4350000,2600000,2000000,1900000,1322500,1500000,3300000
2012,3200000,5000000,4772814,4250000,2308795,1927000,1848215,1308750,1333333,3166666
2012,3000000,5000000,4750000,4220000,2303364,1884500,1800000,1305000,1333333,3100000
2012,2957182,4966667,4666666,4192500,2250000,1880000,1800000,1283333,1060000,3100000
2012,2937500,4955000,4550000,4133334,2100000,1741000,1750000,1260000,1052239,3033000
2012,2834400,4800000,4500000,4050000,2000000,1685625,1747000,1260000,1040000,3000000
2012,2804412,4700000,4406000,4000000,1950000,1407000,1735000,1250000,1034375,3000000
2012,2779167,4638023,4300000,4000000,1900000,1378500,1683333,1237875,971209,3000000
2012,2755000,4611250,4001000,4000000,1500000,1234096,1605000,1205200,960496,2856645
2012,2684584,4600000,4000000,3962500,1500000,1215364,1430562,1125000,850000,2742000
2012,2615000,4575000,4000000,3950000,1469745,1141703,1400000,1105667,790000,2729333
2012,2500000,4550000,3985000,3894500,1358823,1100000,1400000,1096000,775000,2721000
2012,2197120,4550000,3900000,3875000,1300000,1058333,1348625,1091667,768250,2688000
2012,2156000,4550000,3640000,3860000,1250000,1005000,1300000,1061666,760833,2550000
2012,2152500,4500000,3625000,3800000,1225000,1000000,1297918,1033333,706285,2500000
2012,2150000,4500000,3600000,3760000,1185045,930000,1260000,1006667,700000,2500000
2012,2063750,4200000,3575000,3716667,1164613,891668,1260000,988750,700000,2300000
2012,2061833,4166667,3518750,3675000,1125000,849370,1225000,975000,681023,2293750
2012,2000000,4157500,3460784,3650000,1000000,825000,1225000,950000,665000,2264358
2012,1945000,4125000,3269091,3600000,1000000,786625,1200000,950000,663667,2250000
2012,1927000,4125000,3250000,3594655,812500,781435,1195081,933333,661662,2210000
2012,1859295,4000000,2850000,3500000,727750,780495,1186667,925000,660025,2166667
2012,1807312,4000000,2815000,3500000,669961,759250,1165000,925000,653225,2043800
2012,1695840,3978667,2754000,3375000,639396,740000,1157000,925000,640000,2000000
2012,1672000,3597058,2666667,3360000,615000,734200,1125000,900000,630000,1972000
2012,1567818,3575000,2653000,3340000,585412,700000,1083333,890000,625137,1858823
2012,1533333,3500000,2630273,3250000,568556,675906,1070000,881250,615000,1813000
2012,1500000,3458000,2550000,3250000,563128,671250,1058750,825000,615000,1812500
2012,1468250,3000000,2500000,3250000,555000,665250,1044000,805000,615000,1750000
2012,1455100,3000000,2500000,3203000,544868,651635,1033333,791668,615000,1730000
2012,1433333,3000000,2500000,3200000,540000,634377,1025000,780000,605000,1716273
2012,1425276,3000000,2450000,3191667,540000,615000,1015000,765000,605000,1649930
2012,1350000,2905000,2287018,3175000,540000,615000,1010938,700000,600000,1642664
2012,1333437,2800000,2215562,3075000,540000,615000,1000000,640000,587750,1600000
2012,1323022,2750000,2172500,3025000,540000,615000,950000,605000,585606,1600000
2012,1300000,2742000,2150000,3000000,540000,615000,923333,605000,584562,1500000
2012,1300000,2700000,2144587,2990000,540000,615000,915000,603750,584350,1494264
2012,1260000,2553977,2133333,2850000,540000,605000,899000,586812,583172,1491666
2012,1260000,2550000,2100000,2840022,540000,603436,890000,570027,566212,1490789
2012,1260000,2535000,2100000,2750000,525880,601250,851000,555625,565826,1466667
2012,1250000,2500000,2086668,2700000,517763,582563,850000,540000,561000,1466666
2012,1205477,2500000,2027500,2650000,511250,574805,850000,540000,552250,1450000
2012,1115000,2275000,1981885,2625000,508172,574612,850000,540000,543333,1434243
2012,957500,2247500,1980000,2500000,491327,571301,840000,540000,540667,1417388
2012,950000,2245000,1927000,2500000,465000,566250,825000,540000,540000,1375000
2012,907331,2208333,1927000,2500000,465000,565946,812500,540000,540000,1311060
2012,898750,2190000,1927000,2500000,416327,565125,795000,540000,540000,1263188
2012,825000,2166667,1900000,2500000,406288,565000,766891,490000,540000,1260000
2012,825000,2146250,1900000,2450000,396666,562708,758775,488950,540000,1260000
2012,825000,2100000,1781668,2381000,392500,541667,740000,465833,540000,1225000
2012,825000,2058182,1766667,2360000,390000,540145,735600,465833,540000,1072876
2012,801250,2000000,1750000,2350000,390000,540000,722333,465000,540000,1042334
2012,787175,2000000,1733333,2333333,390000,540000,709825,465000,540000,1015000
2012,784625,1950000,1700000,2331000,390000,540000,700000,465000,540000,1012067
2012,772525,1927000,1698582,2250000,390000,540000,700000,434527,540000,1000000
2012,749847,1889952,1666666,2225000,175000,540000,670000,422205,540000,979382
2012,730937,1865947,1600508,2166750,153750,540000,666500,419483,540000,954115
2012,700000,1862036,1600000,2104476,,540000,665875,409670,540000,925000
2012,700000,1840000,1550000,2035000,,540000,640000,406666,537239,875000
2012,700000,1839375,1530000,2000000,,540000,627318,401474,514500,865000
2012,700000,1807602,1526952,2000000,,540000,618750,396666,510413,856791
2012,681688,1757136,1502436,2000000,,540000,608400,393333,502725,826879
2012,671785,1743353,1500000,1975000,,540000,605000,391666,493000,825000
2012,650000,1731272,1486091,1960000,,540000,600033,391333,491213,800000
2012,637500,1716667,1460000,1941021,,540000,593402,391000,486413,790000
2012,635880,1700000,1450000,1927000,,528986,591725,390833,481236,770224
2012,615000,1691250,1404364,1925000,,520150,590000,390833,480000,756250
2012,615000,1623755,1388016,1887500,,515075,586106,390333,479794,745812
2012,614719,1600000,1363500,1873750,,512750,580075,390000,479467,744600
2013,16000000,17063956,15464706,12600000,20850000,13900000,10211700,4960000,11000000,11811251
2013,15000000,14383333,13020000,11400000,17820000,12000000,10137500,4075000,8750000,10250000
2013,11250000,12400000,13000000,11084000,17500000,9685084,9250000,3785000,8739916,9700000
2013,10750000,11500000,12650000,10000000,17400000,8500000,8735295,3525000,6862500,9300000
2013,9086129,11175000,10750000,9828000,13800000,8250000,8600000,3400000,6458500,9125000
2013,8500000,10916250,10627200,9540000,13776666,7268750,6916000,3400000,5750000,9000000
2013,8400000,10600000,9190000,9117100,13595000,6800000,6094118,3312500,5750000,8773000
2013,8000000,10492500,8700000,8500000,12853125,6450000,5750000,3287500,5250000,8750000
2013,7344531,9147059,8593750,8400000,12595000,5750000,5750000,3250000,4531000,8334562
2013,6800000,8750000,8541666,7660000,12200000,5000000,5500000,2977000,4352000,8166666
2013,6600000,8740000,8500000,7500000,11818833,4950000,4933333,2962500,4250000,8106250
2013,6520000,8550000,8200000,7450000,11650000,4333333,4750000,2800000,4000000,6000000
2013,5882403,8450000,7416670,7275000,10750000,3750000,4125000,2720000,3666666,5770443
2013,5700000,8450000,6816666,7000000,10370000,3718750,4032000,2500000,3500000,5750000
2013,5475000,8166667,6710000,6980393,9600000,3700000,3900000,2350000,3470000,5650000
2013,5437500,8000000,6700000,6750000,8500000,3550000,3878402,2350000,3300000,5620000
2013,5432000,7700000,6400000,6740000,6800000,3288800,3872000,2300000,3125000,5369481
2013,5385000,7600000,6200000,6520000,6006954,3250000,3700000,2050000,2975000,5100000
2013,5345000,7575000,6078125,6500000,5024545,3015000,3660000,2000000,2950000,5100000
2013,5100000,7375000,5900000,6400000,4799795,2916666,3191775,1950000,2750000,5000000
2013,5026227,7200000,5816250,6333333,4650000,2829250,3000000,1850000,2550000,4900000
2013,4882813,7118114,5800000,6000000,4000000,2720000,2898215,1825000,2500000,4900000
2013,4600000,6907000,5350000,6000000,3700000,2583333,2750000,1762500,2375000,4568750
2013,4333333,6700000,5200000,5894500,3500000,2500000,2650000,1725000,2296750,4553000
2013,3696478,6666667,5109000,5700000,3432546,2500000,2500000,1645000,2023000,4500000
2013,3333333,6595000,5050000,5588666,3273176,2023000,2250000,1600000,1940000,4500000
2013,3050000,6150000,4921215,5550000,3250000,2022750,2183333,1575000,1883334,4413750
2013,3000000,6000000,4800000,5500000,2879205,2000000,2050000,1473750,1650000,4150000
2013,3000000,5805000,4500000,5048750,2770554,1918750,2023000,1405000,1501091,4031645
2013,2900000,5575000,4316668,5032000,2500000,1542620,2000000,1353375,1489285,4016668
2013,2816250,5565628,4240500,5000000,2500000,1519205,2000000,1340000,1368606,4000000
2013,2750000,5200000,3922909,5000000,2375000,1500000,1845000,1333333,1323000,3975000
2013,2746400,5200000,3832500,4975746,2000001,1400000,1800000,1125833,1323000,3750000
2013,2625000,5100000,3750000,4955000,1967500,1365663,1783333,1125000,1316666,3705000
2013,2416666,5015000,3562500,4750000,1837181,1321354,1713584,1105000,1262687,3589400
2013,2350000,5000000,3500000,4750000,1800000,1250000,1700000,1093750,1214011,3575000
2013,2302000,4800000,3500000,4725000,1800000,1208333,1670075,1091666,1152555,3272000
2013,2300000,4625000,3433333,4600000,1666667,1115000,1622397,1061667,1125000,3265563
2013,2250000,4391667,3287273,4493318,1615509,1050000,1579412,1055000,996666,3250000
2013,2246833,4325000,3250000,4375000,1500000,1013500,1558333,1050000,978036,2940856
2013,2240000,4125000,3105562,4350000,1422054,955153,1541955,1049000,962500,2800000
2013,2231154,3926666,3100000,4300000,1397535,950000,1500000,1040000,892500,2710000
2013,2100000,3775000,3073529,4300000,1283333,943950,1500000,1040000,816023,2683334
2013,2073000,3755000,2972182,4250000,1100000,939258,1500000,1005000,775000,2666666
2013,2035008,3750000,2930000,4250000,952500,899250,1492825,985000,765544,2645833
2013,2023000,3740420,2858773,4246666,921250,884012,1434134,877500,750025,2592750
2013,2010400,3667500,2854044,4200000,912655,882652,1374725,865000,750000,2530000
2013,2000000,3615000,2816667,4034636,840000,810938,1333333,821250,715000,2500000
2013,1959772,3460000,2700000,4000000,803953,805500,1323000,812500,702826,2500000
2013,1877036,3380818,2625000,3866667,799244,775000,1297000,767500,674350,2318364
2013,1861250,3250000,2573475,3854836,715000,754295,1230364,760000,673172,2266666
2013,1832312,3064772,2521668,3850000,681085,749200,1215000,755000,672941,2266250
2013,1783333,2990678,2510000,3750000,655880,687708,1213125,742500,672941,2197500
2013,1600000,2957500,2500000,3675000,653129,680000,1200000,715000,665000,2115000
2013,1500000,2800000,2500000,3609655,630000,672563,1198750,695000,656212,2100000
2013,1500000,2800000,2440000,3550000,630000,665274,1175000,693750,654396,1881252
2013,1500000,2697000,2425000,3500000,620000,664805,1133333,675538,652239,1867830
2013,1484745,2666666,2400000,3425000,601250,662500,1110842,660027,651000,1800000
2013,1454785,2625000,2400000,3408027,598172,660150,1089529,655833,642250,1785000
2013,1450000,2600000,2386750,3375000,581327,656250,1078800,620000,630000,1554600
2013,1419364,2572728,2378262,3340000,580000,655125,1030000,620000,630000,1506037
2013,1406250,2562500,2348750,3333333,575000,655075,1000000,620000,630000,1504050
2013,1350000,2561985,2250000,3262500,564375,630000,1000000,620000,630000,1500000
2013,1323000,2550000,2000635,3250000,555000,630000,1000000,620000,630000,1451871
2013,1305000,2500000,2000000,3166668,555000,629878,994382,620000,620000,1415000
2013,1250000,2327545,2000000,3125000,555000,620000,985000,620000,620000,1386673
2013,1166667,2300000,1931528,3110882,549257,618986,958663,620000,620000,1350000
2013,1134163,2267930,1908690,3100000,518400,616802,955000,578950,620000,1323000
2013,1100000,2241250,1878045,3072000,514805,613533,923333,565000,600413,1312918
2013,961691,2239136,1857613,3015000,506327,602750,880000,555833,592725,1224227
2013,899816,2207500,1857500,3000000,486666,601500,827500,555000,583934,1196917
2013,859331,2207250,1833333,3000000,481764,594114,756500,555000,583000,1162500
2013,775000,2164090,1764905,2850000,480000,592941,730000,555000,580826,1100000
2013,773756,2108564,1755455,2810000,457412,587500,720039,555000,576413,1070988
2013,765000,2105000,1735020,2800000,424411,555500,698400,555000,571236,1061510
2013,752253,2050000,1704375,2800000,419850,555000,696666,512205,569794,1033598
2013,715000,2023000,1700000,2750000,417529,555000,676106,509483,566475,1000000
2013,704719,2010000,1666667,2750000,417050,555000,668750,499670,555146,986209
2013,700164,2000000,1636250,2650000,408333,555000,648469,486666,555000,966000
2013,700000,2000000,1600000,2645273,406666,555000,645000,483333,555000,924336
2013,696794,1939548,1582818,2629500,405000,555000,635000,481333,555000,907500
2013,691035,1875000,1540000,2575000,405000,555000,634782,480833,542278,884868
2013,689250,1833333,1525125,2575000,405000,531504,630000,480000,529500,880000
2013,685300,1828644,1500000,2527875,391764,516140,620000,480000,521888,875297
2013,677937,1828000,1455500,2525371,326471,514918,620000,480000,506213,836023
2013,659300,1816666,1435708,2329225,299474,510775,620000,480000,491474,835812
2013,655000,1750000,1408333,2212118,294412,506367,607639,451048,482000,765000
2013,652875,1750000,1400000,2182117,261176,492720,598607,449527,480146,748166
2013,645000,1750000,1388250,2125500,242823,491474,592941,445075,480000,741517
2013,637278,1750000,1351000,2125000,238235,489705,589612,441140,449633,731594
2013,630145,1746273,1350000,2125000,119117,484584,570625,406666,435150,730000
2013,630000,1600000,1343595,2090000,47647,483333,567000,406666,431213,728767
2013,630000,1514750,1333333,2084046,32647,481667,566475,405833,424670,724567
2013,630000,1506666,1328125,2075000,,480530,560000,405500,424412,723813
2013,630000,1500000,1323981,2073182,,480146,555833,405333,419793,715000
2013,630000,1468400,1300000,2039166,,480000,555000,405000,417529,705797
2013,630000,1458333,1300000,2023000,,480000,555000,391765,409166,701517
2013,630000,1449793,1300000,2023000,,458403,555000,357352,408333,681023
2013,620000,1403016,1278188,2008916,,457059,555000,350412,406666,677813
2013,620000,1400000,1257000,2000000,,455125,555000,293824,405000,672871
2014,12217000,22412500,11816250,12300000,20400000,14400000,11619700,4187500,8412000,17250000
2014,12127895,21295000,11464706,11698666,18895000,9700000,10100000,4035000,8250000,15644583
2014,11250000,18800000,11455000,11240000,18500000,9633333,9250000,3800000,7800000,13058000
2014,9500000,14000000,11006250,11000000,18400000,8300000,9000000,3800000,7367916,12432000
2014,8700000,13116000,9754000,10980393,17610000,8000000,8000000,3600000,6133166,11485294
2014,8300000,12900000,9666666,10000000,17550000,7900000,7373215,3586116,6098677,9700000
2014,8250000,11250000,9650000,9250000,17500000,6450000,7157000,3400000,6025000,9375000
2014,7906250,11220000,9500000,9100000,17500000,6000000,6387500,3312500,5862500,8600000
2014,7692403,9750000,8200000,8600000,16666666,5916666,5825000,3250000,5400000,8300000
2014,7500000,9000000,8044117,8600000,15820000,4585000,5150000,3250000,4832000,7647059
2014,7000000,9000000,7800000,8500000,14800000,4166666,5115000,3235000,4281250,7424000
2014,6937132,8750000,7425000,8450000,14800000,4000000,4843750,3060000,4075000,7000000
2014,6416666,8600000,7287500,8292000,13000000,3850000,4750000,2950000,4000000,6470588
2014,6250000,8200000,7200000,7660000,11773000,3612000,4475000,2800000,4000000,6264394
2014,5750000,8175000,7000000,7532266,9059063,3233333,4250000,2600000,3887500,6212500
2014,5562500,7677500,6900000,7500000,8000000,3000000,4231029,2400000,3203125,6210000
2014,5250000,7558333,6863000,7400000,7008113,2944444,3500000,2320000,3200000,6166668
2014,4833333,7285000,6613188,7300000,6029454,2750000,3500000,2250000,2773134,5925000
2014,4750000,6936666,6600000,7284000,5759754,2500000,3500000,2083333,2693750,5800000
2014,4575000,6600000,6500000,7250000,5750000,2359875,3250000,2000000,2291666,5468750
2014,4525000,6493232,6400000,7227100,5750000,2300000,3000000,1975000,2236666,5149375
2014,4435773,6250000,5735000,7000000,5500000,2252708,3000000,1812500,2227118,5000000
2014,4335000,6000000,5500000,6625000,4750000,2250000,3000000,1762500,2200000,4800000
2014,4187000,5900000,5275334,6520000,4600000,2050000,3000000,1750000,2200000,4770443
2014,4000000,5700000,5200000,6400000,4004637,2000000,2995882,1700000,1900000,4700000
2014,4000000,5700000,5100000,6250000,4000000,1851144,2750000,1700000,1900000,4700000
2014,3676606,5600000,5050000,6200000,4000000,1833333,2675000,1700000,1876364,4517500
2014,3650000,5468750,5040000,6150000,3767444,1823046,2666666,1469375,1841666,4250000
2014,3625000,5400000,4900000,6150000,3755420,1750000,2550000,1400000,1684375,4000000
2014,3513014,5218750,4843750,6100000,3750000,1718000,2472500,1400000,1650000,4000000
2014,3500000,5125000,4800000,6050000,3455046,1651250,2300000,1350000,1602023,3975000
2014,3500000,5000000,4750000,6000000,3400000,1596625,2200000,1333333,1550350,3925000
2014,3350000,5000000,4750000,5950000,3375000,1570000,2141980,1270000,1500000,3916666
2014,3333333,4946875,4550000,5750000,3232313,1548563,2133333,1252500,1459000,3800000
2014,3295679,4900000,4503750,5391981,2666666,1531125,2000000,1240000,1456813,3735000
2014,3050000,4688750,4434000,5200000,2250000,1478750,1946876,1234167,1437500,3645833
2014,3000000,4674359,4250000,5100000,2019386,1384375,1927444,1168950,1407500,3624655
2014,2877505,4611000,4132500,5043295,2011587,1312500,1850000,1150000,1350000,3148500
2014,2804333,4575567,4083334,5000625,1833333,1193941,1825000,1091668,1344614,3100000
2014,2800000,4484166,4078125,5000000,1750000,1101300,1650000,1077500,1250000,3000000
2014,2800000,4471698,4049636,4976031,1500000,1101275,1564400,1055000,1222545,2933334
2014,2750000,4391667,3925000,4818545,1500000,1050000,1556955,1005000,1150000,2897955
2014,2715706,4264000,3925000,4750000,1499745,1016666,1552106,980000,1037500,2871260
2014,2603013,4226023,3828125,4625863,1250000,939750,1537955,975087,1000000,2850000
2014,2387400,4225000,3771250,4400000,1250000,936500,1518750,912500,956930,2750000
2014,2374176,4066666,3750000,4395598,1245364,855000,1516091,887500,955440,2719500
2014,2351726,4025000,3715228,4340625,1177500,807708,1500000,860000,840000,2660273
2014,2350000,4000000,3700000,4300000,1140819,804805,1453125,855000,835826,2364000
2014,2346295,4000000,3541668,4225000,1100000,787347,1442475,842500,817995,2250000
2014,2333364,4000000,3510000,4200000,1078750,771003,1415313,836250,780544,2250000
2014,2097875,4000000,3500000,4125000,976691,766916,1400000,795000,763172,2241396
2014,2062500,3995000,3430528,4083333,959096,762500,1353750,793750,755000,2166666
2014,2033333,3845000,3400000,4083333,817302,708986,1300000,770523,741000,2077062
2014,2000000,3750000,3375000,4000000,776976,698818,1293188,760000,731509,2000000
2014,2000000,3683333,3339781,3900000,770880,691500,1283333,745000,706826,2000000
2014,1875000,3500000,3250000,3869836,705469,684114,1258600,724884,690413,1892036
2014,1855870,3500000,3250000,3829000,688172,682473,1242978,670834,688401,1875000
2014,1774205,3500000,3141666,3775000,671327,669396,1235000,645000,682725,1833333
2014,1761273,3395818,3100000,3750000,645000,646504,1163750,645000,666413,1800000
2014,1666667,3378000,3056765,3500000,645000,645000,1150335,645000,661236,1733341
2014,1580719,3266666,3002357,3450000,645000,645000,1150000,635000,656475,1700000
2014,1481500,3262500,3000000,3400000,644257,635000,1130000,635000,645146,1641148
2014,1450708,3166666,2980000,3375000,635000,635000,1070000,617756,642278,1541845
2014,1434364,3146500,2950000,3306591,635000,605418,1000000,614527,635000,1524264
2014,1431000,3100000,2850000,3300000,635000,600775,950000,599483,635000,1478513
2014,1431000,3087274,2774639,3300000,635000,579375,930000,595000,619500,1469072
2014,1360995,3000000,2666666,3200000,633436,574584,914578,589670,611888,1393500
2014,1309375,3000000,2552500,3000000,608400,573334,899411,585000,596213,1375000
2014,1305000,2983333,2500000,3000000,604805,571667,866666,576667,595826,1240317
2014,1264096,2808986,2500000,2990000,576668,570000,795000,571333,572000,1232761
2014,1202114,2793036,2475000,2987182,570000,570000,793477,570334,570146,1200000
2014,1074164,2779548,2470897,2946266,570000,570000,758750,570000,570000,1177500
2014,1000000,2750000,2400762,2924166,495146,570000,745000,570000,570000,1150000
2014,1000000,2700000,2328000,2800000,495000,570000,713281,570000,570000,1150000
2014,976706,2666666,2317000,2765147,465606,570000,695000,570000,570000,1106085
2014,902703,2645918,2290428,2747500,451279,569118,688607,570000,546504,1078392
2014,875205,2612325,2253654,2717429,431474,551850,680815,570000,539633,1024000
2014,824907,2596908,2229136,2625000,369060,546504,661517,541048,528023,1021594
2014,824125,2575125,2106546,2622358,335294,545125,653986,535075,521213,1021179
2014,823794,2459991,2100000,2600000,321333,542220,645000,531140,514670,1005000
2014,811250,2359625,2082024,2591476,262058,541106,635000,495833,509793,1003227
2014,800000,2285000,2045250,2545803,234706,539125,635000,495500,499166,954069
2014,781035,2187500,1978523,2500000,189705,535964,635000,495000,496666,940731
2014,773045,2185000,1968750,2500000,74117,533400,635000,495000,495000,899867
2014,727278,2182841,1925000,2500000,67058,531140,635000,446327,495000,897799
2014,720145,2133418,1850000,2431364,58235,530845,635000,420666,495000,875005
2014,707394,2125000,1794635,2430000,49411,527579,635000,420500,495000,856879
2014,695000,2078125,1728584,2425000,33529,525000,633900,420000,495000,813813
2014,683441,2037500,1712500,2416666,24705,521221,630938,420000,495000,812219
2014,678023,2000000,1666667,2400000,,520966,622763,420000,495000,801023
2014,673363,2000000,1650000,2391802,,520788,612563,420000,469411,779175
2014,671367,1950000,1619625,2325000,,520550,610075,420000,436764,730813
2014,670135,1843000,1598812,2312500,,519272,608288,420000,423333,730000
2014,661224,1835500,1597818,2254556,,517750,600150,420000,422500,715164
2014,655813,1800000,1597735,2187000,,506474,600000,402353,420000,706850
2014,645000,1753770,1583334,2180100,,499166,594150,349411,420000,702500
2014,645000,1750000,1562250,2131063,,498333,571667,233294,420000,694257
2014,641950,1725000,1549607,2125666,,495333,571667,214706,407647,689250
2014,635000,1723125,1544850,2100000,,495000,571333,134118,373000,684868
2014,635000,1700000,1544645,2088183,,495000,570500,128824,371824,675027
2015,16000000,20020000,16744111,13000000,23800000,15400000,10100000,4347500,10300000,20558000
2015,14791491,19400000,12700000,11795000,21166668,9200000,8357700,4134000,8650000,14750000
2015,12717000,14750000,9754000,11698666,19500000,8706250,8100000,3800000,8374264,13200000
2015,12200000,14595000,9251250,10725000,18250000,8500000,7712942,3610000,8300441,12400000
2015,11750000,13969000,8666666,10680388,17721250,8300000,7514705,3600000,8000000,12209777
2015,11700000,12500000,8200000,10600000,17500000,7970835,7400000,3600000,6440625,10850000
2015,11250000,12000000,7891250,10407100,17245000,5500000,7000000,3550000,6300000,9900000
2015,10000000,10450000,7654000,10200000,16500000,5000000,6750000,3400000,6200000,9700000
2015,9600000,9000000,7650000,9500000,15600000,4500000,6000000,3355000,6125000,9250000
2015,9250000,9000000,7500000,9050000,15265753,4100000,5666666,3325000,6112000,9000000
2015,9062500,8500000,7470586,8500000,14973000,3500000,5500000,3200000,5600000,8125000
2015,8700000,8200000,7375000,8250000,14550000,3350000,5368750,3100000,5275000,7500000
2015,8600000,8000000,7137500,8050000,14450000,3000000,5131250,2827083,5000000,7120833
2015,7453125,8000000,7055000,8050000,14000000,2812500,5119117,2770000,4800000,7000000
2015,7250000,8000000,7000000,8000000,13000000,2750000,5000000,2750000,4562500,6909000
2015,7000000,7977000,6990000,8000000,12985000,2516666,4775000,2500000,4151666,6500000
2015,7000000,7823530,6953125,7700000,9600000,2513306,4750000,2400000,3921875,6500000
2015,6981000,7350000,6885416,7600000,7375000,2500000,4450000,2373773,3850000,5850000
2015,6968750,7100000,6697018,7333333,7054868,2406250,4200000,2362500,3800000,5556250
2015,6898000,7000000,6675000,7280000,7034363,2294118,4000000,2356000,3350000,5500000
2015,6500000,6969000,6500000,7200000,6719713,2159668,3900000,2350000,3109375,5350000
2015,6500000,6950000,6238000,7020833,5218750,2100000,3625000,2239483,2783898,5000000
2015,5833334,6720000,6104642,7000000,4873364,2000000,3572500,2083334,2750000,4800000
2015,5350000,6400000,6100000,7000000,4800000,2000000,3250000,2083333,2477941,4716668
2015,5175069,6175000,5800000,7000000,4694275,2000000,3250000,2066000,2270000,4656250
2015,4900000,6100000,5750000,7000000,4609323,2000000,3125000,2050000,2251637,4650000
2015,4812500,6000000,5575000,6981764,4402541,1926193,3100000,2000000,2250000,4600000
2015,4500000,5700000,5500000,6800000,4042000,1837500,3000000,1950000,2200000,4530819
2015,4382271,5650000,5480000,6750000,3916666,1663500,2570376,1916666,2116668,4500000
2015,4333333,5425000,5450000,6700000,3866668,1600000,2550000,1542000,2031250,4300000
2015,4250000,5267276,5250000,6650000,3750000,1572775,2508750,1500000,2012500,4166666
2015,4250000,5203125,5175000,6400000,3500000,1542000,2500000,1463333,1900000,4120566
2015,4073529,5071232,5100000,6362500,3250000,1542000,2500000,1437500,1900000,4000000
2015,3844959,5000000,5062045,6290644,3250000,1435000,2416045,1350000,1900000,3750000
2015,3600000,4968750,4964706,6250000,3000000,1432729,2356000,1340000,1833333,3708333
2015,3453010,4900000,4750000,6051954,2600000,1266666,2356000,1300000,1750000,3600000
2015,3333333,4750000,4750000,5800000,2423264,1150000,2312931,1200000,1717826,3500000
2015,3000000,4666668,4600000,5782254,2000000,1150000,2297375,1180000,1699615,3477546
2015,3000000,4600000,4468750,5604666,1874681,1075231,2271355,1127500,1617146,3400000
2015,2916705,4500000,4458273,5400000,1833334,1035000,2133334,1120000,1516666,3325341
2015,2900000,4480000,4438000,5225974,1822500,1032082,2000000,1112500,1500000,3200000
2015,2815554,4400000,4400000,5125000,1764705,1031250,2000000,1085500,1500000,3172750
2015,2790000,4270955,4275000,5100000,1764000,949632,2000000,1070000,1467054,3131850
2015,2750000,4250000,4250000,5039000,1750000,942708,1950000,1047500,1387500,3116666
2015,2743680,4250000,4250000,5000000,1556705,925203,1946194,1000000,1194301,3096250
2015,2550000,4244773,4250000,4837295,1500000,920000,1895114,995000,1166666,3011463
2015,2453125,4169000,4154166,4600000,1375000,873522,1845546,976250,1148317,2707027
2015,2400000,4022996,4049804,4500000,1368983,870000,1800000,938750,1062500,2614962
2015,2353520,4000000,4010000,4400000,1220864,853091,1750000,900000,981594,2600000
2015,2227117,3983333,4000000,4300000,1200000,836745,1650000,882500,975680,2500000
2015,2201591,3850000,4000000,4296000,1118944,800000,1616485,877500,940074,2453125
2015,2129046,3850000,4000000,4125000,966666,785000,1594763,875480,914386,2365045
2015,2000000,3750000,3950000,4000000,941176,755659,1582075,875000,860000,2356000
2015,2000000,3700000,3875000,3967910,883333,747500,1542000,850000,853826,2356000
2015,2000000,3619791,3850000,3857388,846563,736504,1542000,845000,772725,2283333
2015,1827166,3612500,3500000,3750000,791795,726023,1542000,845000,742278,2250000
2015,1813386,3601822,3166666,3733978,778172,689410,1500000,828000,736861,2210999
2015,1792955,3500000,3100000,3723000,698400,660000,1500000,810000,730826,2100000
2015,1742574,3387430,3100000,3568750,694805,648750,1500000,760000,710000,2080010
2015,1716250,3258036,3100000,3485000,665000,638403,1491574,723307,701888,2000000
2015,1709794,3250000,3014141,3350000,665000,635125,1439224,679670,686213,1977553
2015,1666668,3231250,3000000,3318177,665000,635000,1433750,665000,665000,1969377
2015,1650023,3140000,3000000,3267500,618291,631106,1400000,665000,660146,1950000
2015,1625000,3041379,2979030,3256000,596474,625000,1342057,665000,660000,1905330
2015,1591750,3029727,2970663,3200000,592500,623400,1340625,665000,660000,1850000
2015,1587829,3000000,2921875,3109771,591449,621311,1287500,631048,649004,1800000
2015,1580120,2984375,2896250,3062500,585000,620845,1266666,625075,633626,1766666
2015,1563989,2968750,2895542,3000000,585000,615000,1250000,585834,629633,1741875
2015,1550000,2828813,2672166,3000000,585000,612523,1209375,585000,625000,1713918
2015,1542000,2808334,2636029,3000000,573424,611550,1145000,585000,611213,1704977
2015,1542000,2750000,2629263,2921875,563606,610966,1143223,585000,599793,1682813
2015,1542000,2666666,2600659,2875000,555413,610550,1112828,569706,596944,1550000
2015,1542000,2635496,2457637,2845833,541279,609272,1066668,536327,586668,1542000
2015,1531250,2620000,2386125,2825000,516176,607750,995000,510666,585000,1534607
2015,1525000,2619409,2374228,2824166,513334,594843,915821,510500,585000,1479313
2015,1466666,2600000,2362704,2800000,510000,589167,870000,510000,585000,1479166
2015,1442537,2600000,2356000,2616676,490908,588334,855937,510000,585000,1447036
2015,1438556,2600000,2356000,2616666,448195,585000,786426,510000,585000,1350000
2015,1288997,2500000,2356000,2610228,438333,585000,778607,510000,585000,1327302
2015,1250000,2485294,2250000,2543450,412941,585000,751517,510000,561283,1175914
2015,1075000,2437500,2210416,2500000,408146,585000,738986,483550,512500,1132500
2015,1053154,2431647,2160730,2500000,344117,585000,724400,481764,510000,1124834
2015,1020667,2391686,2153562,2500000,318000,584853,702563,481764,510000,1071099
2015,988950,2356000,2000000,2486240,275294,572871,698288,480000,510000,1047432
2015,986879,2356000,2000000,2478382,271764,570906,690150,477500,510000,1047064
2015,927654,2356000,1997273,2435000,262941,553618,684150,436666,510000,1018836
2015,887248,2341666,1925000,2421875,232941,552195,676594,435333,492647,1003797
2015,849394,2303750,1917282,2400427,180000,539483,674827,435000,488190,987500
2015,830853,2300000,1900000,2400000,179117,513333,665000,435000,487228,935010
2015,825000,2250000,1854250,2400000,131470,512666,665000,435000,480000,893955
2015,796250,2202600,1850000,2375000,76764,511666,665000,435000,473201,866666
2015,790000,2181875,1752091,2276154,51176,511166,665000,435000,457621,842875
2015,789416,2150000,1750000,2263896,51176,510000,665000,435000,450000,797925
2015,760135,2127939,1709375,2200000,51176,510000,660000,435000,448683,789753
2015,745813,2091668,1700000,2150000,43823,510000,660000,427058,447352,779868
2015,731950,2067750,1686490,2095000,38823,510000,660000,364235,435000,779250
2015,727462,2062500,1676778,2071544,34411,496417,660000,332647,435000,752844
2015,691279,2050000,1666666,2038136,,488838,629527,330000,435000,745000
2015,680466,2039436,1657980,2000000,,476563,626065,310588,435000,700700
2015,674719,2000000,1656356,1915545,,460204,621300,206470,428386,682875
2016,17000000,15250000,15131250,13200000,24200000,12000000,10900000,5050000,9000000,15900000
2016,14769000,14500000,13750000,11829000,23950000,9550000,10806000,4450000,8906250,15850000
2016,13952000,13000000,13100000,11096000,23750000,7764706,9900000,4100000,8000000,15200000
2016,13400000,13000000,12500000,10551000,22550000,7675000,8202942,3960000,7300000,13000000
2016,12000000,12691176,11500000,10322666,22500000,6000000,7577500,3850000,7300000,13000000
2016,11082000,12600000,11157374,10150000,20835000,6000000,7278000,3525000,6618750,12400000
2016,11000000,10500000,10234000,10025000,19953000,5500000,6125000,3500000,6267708,12209777
2016,10534024,10400000,10000000,9800000,19500000,5312500,6100000,3343333,6000000,11883333
2016,10217000,10000000,9047500,9737500,19250000,5100000,6100000,3300000,5862000,11163940
2016,9968750,10000000,8450000,9500000,18542000,4916666,6025000,3250000,5500000,11000000
2016,9750000,10000000,8250000,9500000,18400000,4621517,6000000,3183333,5185000,11000000
2016,9500000,9600000,8010418,9500000,18375000,4537516,5956250,3175000,5100000,10200000
2016,9000000,9400000,8005000,9080514,17800000,4000000,5750000,3134000,4500000,9500000
2016,8800000,8525000,7799000,8600000,17250000,4000000,5666668,3100000,4000000,9250000
2016,8500000,8200000,7751000,8300000,17000000,3468750,5625000,3050000,3468750,9150000
2016,8437500,8120000,7751000,8070000,16765753,3141632,5132500,3020000,3406028,9001668
2016,8375000,8050000,7675000,8070000,16500000,3000000,5075000,2833000,3340676,8300000
2016,8000000,8000000,7650000,8000000,13764705,3000000,4775000,2700000,3311563,8000000
2016,8000000,7750000,7500000,7731329,13100000,2812500,4750000,2700000,3200000,8000000
2016,8000000,7575000,7500000,7700000,12000000,2565000,4650000,2700000,3187500,7811248
2016,8000000,7500000,7450000,7614054,11640000,2510000,4337657,2587500,3000000,7724450
2016,7604166,7400000,7375000,7200000,7000000,2424948,4206250,2466666,2968750,7600000
2016,7507000,7000000,7350000,6854636,7000000,2250000,4188986,2400000,2948226,7320000
2016,7000000,6896000,6990000,6800000,6919573,2150000,4020416,2373773,2900000,7101250
2016,6981250,6800000,6812500,6745963,5761654,1785250,4000000,2208334,2750000,6600000
2016,6750000,6600000,6350000,6700000,5633130,1733333,3750000,2150000,2750000,6187500
2016,6000000,6500000,6312500,6500000,5503176,1696966,3600000,1800000,2626909,5500000
2016,5593750,6500000,6250000,6250000,5234375,1671000,3500000,1750000,2584375,5436983
2016,5254000,6499000,6200000,6200000,5079577,1500000,3187500,1700000,2566666,5150708
2016,5133333,6350000,6074454,6181250,5041666,1500000,3000000,1700000,2562500,4850000
2016,5100000,6350000,6068750,6154168,5000000,1344040,3000000,1600000,2545193,4500000
2016,5062500,6250000,6000000,6100000,4850243,1300000,3000000,1450000,2437500,4421875
2016,4796385,6146000,6000000,6000000,4750000,1272500,2698419,1250000,2400000,4400000
2016,4606691,6125000,5800000,5900000,3635000,1210000,2601079,1215075,2381250,4166668
2016,4583334,5950000,5104166,5818750,3250000,1197347,2600000,1215000,2000000,4000000
2016,4245636,5916439,5093750,5804754,2827141,1150000,2600000,1177500,1916668,3990410
2016,4050000,5812000,5000000,5656250,2553000,1087500,2583333,1172500,1915625,3900000
2016,4000000,5500000,4875000,5625000,2500000,1079404,2553000,1170000,1850625,3800000
2016,3880000,5338694,4716668,5500000,2300000,1025000,2553000,1162500,1787888,3628968
2016,3868750,5250000,4600000,5500000,2000000,1023710,2500000,1100000,1750000,3500000
2016,3284813,5212500,4553000,5462500,2000000,1004094,2335433,1100000,1746146,3356000
2016,3250000,5093727,4500000,5416666,2000000,987500,2274137,1068000,1715633,3333333
2016,3250000,5000000,4455882,5375000,1950000,983259,2209375,1057500,1697213,3060000
2016,3000000,4704306,4250000,5375000,1868046,958333,2160785,1025000,1671000,2885416
2016,2941901,4675000,4250000,5270000,1830375,958333,2140997,970000,1671000,2838054
2016,2754967,4500000,4084375,5200000,1800000,944574,1952299,950000,1600000,2775000
2016,2750000,4350000,4014705,5200000,1750000,900000,1950000,940000,1583333,2733333
2016,2687500,4275000,4000000,5143750,1750000,862500,1939782,932500,1583333,2693750
2016,2641910,4250000,3802083,5000000,1737500,860000,1866667,897500,1339703,2633333
2016,2598303,4234288,3764706,5000000,1722963,840000,1833000,890000,1233333,2553000
2016,2577756,4218750,3600000,4870967,1597146,840000,1817517,875000,1160055,2471942
2016,2483887,3975000,3500000,4821735,1500000,836023,1804400,875000,1097264,2437500
2016,2483333,3725000,3475500,4750000,1500000,753811,1799030,860000,950000,2426678
2016,2283957,3516666,3416666,4607206,1465037,738750,1740170,850000,900000,2400000
2016,2178217,3500000,3322059,4550000,1400000,732523,1715527,800000,860826,2297607
2016,2176063,3500000,3250000,4500000,1250000,728403,1700000,775000,810272,2286396
2016,2151546,3500000,3200000,4500000,950154,725125,1682474,736830,781126,2131221
2016,2150000,3440000,3200000,4480773,860000,725000,1671000,721048,771250,2119090
2016,2093333,3307453,3133333,4356240,847327,721106,1671000,680000,760000,2090250
2016,2047500,3294370,3120500,4250000,800000,715294,1668750,680000,739004,2072908
2016,2000000,3250000,3100000,4208333,788400,710845,1470000,680000,713676,2000000
2016,2000000,3094530,3000000,4200000,784805,708843,1391036,675000,712444,1978481
2016,1954987,3068923,3000000,4068500,760000,701550,1371867,675000,695201,1848958
2016,1896144,3055977,2869611,4050000,738734,700550,1350000,626327,694670,1848057
2016,1811813,3011764,2769933,4050000,680000,699272,1305555,600667,689793,1825868
2016,1764662,3000000,2750000,4010220,680000,698854,1265625,600500,680000,1818844
2016,1750000,3000000,2750000,4006900,675146,693386,1200000,600000,677534,1806359
2016,1743814,3000000,2750000,4000000,663424,680000,1197500,600000,676764,1715495
2016,1700000,3000000,2700000,3871206,645413,675146,1176666,600000,675000,1703125
2016,1682263,3000000,2625000,3724423,620000,675000,1144776,600000,651283,1682787
2016,1671000,3000000,2600000,3700000,616197,670588,1050000,600000,643357,1671000
2016,1658333,2906250,2600000,3628067,604972,660906,1036000,600000,614220,1671000
2016,1649475,2766668,2592876,3500000,600000,655315,1010000,587500,602500,1671000
2016,1566666,2764500,2553000,3468750,600000,643618,885000,573550,600000,1621647
2016,1500000,2750000,2534375,3270845,600000,642195,843534,555882,600000,1578382
2016,1437500,2703125,2500000,3250000,595588,629483,825000,526666,600000,1548518
2016,1400000,2666668,2468750,3250000,580908,623116,805630,525333,600000,1411097
2016,1114189,2659924,2396728,3200000,545848,603334,788288,525000,600000,1349801
2016,1073194,2569700,2236829,3132274,545848,601668,757679,525000,595215,1334641
2016,1050000,2566666,2233333,3115000,538195,600000,743085,525000,578190,1291764
2016,1038566,2562500,2225100,3075359,530675,600000,728823,525000,577228,1285319
2016,1010000,2553000,2125000,2958334,484333,600000,725000,525000,575563,1254747
2016,975000,2500000,2102510,2925000,481068,600000,722236,525000,545848,1147500
2016,909327,2468750,2095973,2890483,465862,600000,716065,525000,538683,1133333
2016,850583,2455280,2072476,2850000,455000,600000,711300,525000,529410,1080831
2016,821950,2412375,2001983,2760000,450000,600000,703977,494117,525000,1072746
2016,786682,2375000,2000000,2750000,363000,600000,701367,488456,525000,1011450
2016,784783,2350000,1917073,2655513,333000,600000,686474,470002,525000,1005882
2016,755778,2327572,1900000,2653000,317640,600000,680000,468948,525000,1000000
2016,728491,2250000,1858481,2633333,211764,600000,680000,450000,525000,971875
2016,726654,2250000,1789172,2628125,158820,586892,680000,450000,516178,957510
2016,721500,2250000,1757208,2600000,134117,580203,680000,450000,489896,947703
2016,720152,2250000,1671000,2589431,92646,566563,680000,450000,485713,930722
2016,708144,2250000,1671000,2553000,79410,545848,675000,450000,483864,880000
2016,700136,2236961,1671000,2553000,30882,545848,675000,388235,479384,859719
2016,682988,2199262,1645770,2500000,,542322,675000,358089,468531,817016
2016,680000,2127024,1600000,2500000,,530000,674265,312941,453333,776687
2016,680000,2000000,1500000,2445764,,526666,659284,211764,453333,774358
2016,680000,1900000,1500000,2416666,,526666,658482,185290,451666,772875
2016,675146,1868904,1468750,2400000,,525000,653002,134117,450833,762995
2017,20000000,19100000,22100000,15137500,24550000,12120000,10935000,5225000,12262000,18000000
2017,16742400,18000000,19900000,14200000,24125000,10375000,10400000,4900000,12100000,17000000
2017,15000000,16000000,15075000,13750000,23943600,6950000,8135416,4700000,10000000,15850000
2017,13706965,15500000,14875000,13500000,23750000,6500000,8100000,4500000,9000000,14977116
2017,13631000,14500000,12763324,12800000,20300000,6175000,8000000,4000000,8000000,13900000
2017,11352941,13750000,12100000,12237813,20300000,6000000,7500000,4000000,7500000,13618333
2017,10681250,12734000,11700000,11166418,20166666,5764705,7500000,4000000,6800000,13500000
2017,10426000,12047000,11000000,11070900,19700000,5671895,7400000,3600000,6500000,12656250
2017,9866666,11288750,10750334,11056250,19400000,5345000,6981250,3360000,6397826,12500000
2017,9600000,11000000,10058824,11051000,19000000,5000000,6743744,3325000,5737500,12033333
2017,9500000,10768750,10000000,11050000,18200000,4936516,6394166,3300000,5600000,11550000
2017,9384375,10706450,9968750,10647844,18000000,4633333,6300000,3170000,5437500,10750000
2017,8968750,10600000,9450000,10000000,18000000,4418106,6200000,3150000,5418400,10000000
2017,8666666,10600000,8708333,9843750,16900000,4000000,6000000,3106666,5333333,9537500
2017,8589411,10500000,8460529,9700000,16500000,3968750,5750000,3100000,5317708,8650000
2017,8568750,10500000,7968750,9457977,15731691,3916668,5676000,3083334,5300000,8600000
2017,8500000,10450000,7825000,9166666,15700000,3769959,5676000,2816668,4937500,8351250
2017,8500000,10400000,7600000,9125220,14626666,3675000,5600000,2750000,4782000,8000000
2017,8000000,10350000,7316666,8975000,14000000,3562500,5564281,2700000,4250000,7416666
2017,7390195,10000000,7086863,8821000,14000000,3500000,5400000,2600000,4000000,7400000
2017,7267647,9500000,7000000,8820000,10000000,3150000,5000000,2550000,3897455,7000000
2017,7000000,9400000,6950000,8524999,9713334,3134782,4750000,2500000,3750000,7000000
2017,6906250,9000000,6800000,8500000,6913985,3000000,4625000,2250000,3500000,6968750
2017,5468750,8600000,6732352,8400000,6603811,2956250,4462500,2000000,3333333,6500000
2017,5307045,8300000,6600000,8375000,6571985,2909938,4250000,1900000,3300000,6425000
2017,5281021,8069000,6166668,8300000,6500000,2746000,4239583,1900000,3020000,6333333
2017,5250000,8000000,6077830,8079000,6349471,2625000,4047038,1800000,3000000,6180850
2017,5083333,7953125,6018750,8000000,6062804,2506800,4034375,1750000,2750000,6000000
2017,5000000,7862500,6000000,8000000,5278622,2400000,4030000,1750000,2746000,5600000
2017,4718750,7703125,6000000,7850000,4050000,2137500,4000000,1625000,2716668,5250000
2017,4526000,7500000,5925000,7500000,3675000,1797000,3742938,1600000,2625000,5000000
2017,3953125,7500000,5719000,7400000,3600000,1797000,3650000,1550000,2595833,4875000
2017,3910000,7500000,5335931,7250000,3500000,1789272,3500000,1500000,2575000,4857127
2017,3593750,7250000,5162625,7150000,3500000,1750000,3416666,1465000,2500000,4655478
2017,3584375,7231250,4987500,6950000,2986506,1745833,3400000,1421551,2250000,4617216
2017,3530281,7050000,4750000,6916666,2750000,1700000,3333333,1375000,2250000,4517195
2017,3500000,7000000,4500000,6900000,2457014,1612848,3181250,1362500,2208334,4500000
2017,3376724,6757000,4250000,6822916,2243750,1487500,3000000,1300000,2175000,4468750
2017,3275000,6406433,4250000,6805000,2200000,1484375,2875000,1220000,2003438,4418750
2017,3222195,6250000,4250000,6640809,2179387,1476556,2875000,1168000,1948782,3878125
2017,3166666,6156250,4100000,6625000,2153704,1381250,2826470,1150000,1933333,3750000
2017,3125000,6000000,4054750,6500000,2150000,1350000,2812500,1150000,1923504,3746000
2017,3082228,5942682,3716176,6437500,2000000,1250000,2700981,1055000,1800000,3590896
2017,3000000,5880383,3700000,6367324,2000000,1229074,2653159,1052500,1775000,3500000
2017,2900000,5735294,3691668,6315983,1906250,1194328,2475000,1050000,1750000,3311063
2017,2800000,5529501,3587014,6200000,1906250,1171443,2440374,1045000,1731835,3300000
2017,2792647,5500000,3551125,6171000,1600000,1152083,2296445,1040000,1550000,3250000
2017,2740749,5406250,3500000,6100000,1318750,1133489,2263078,1040000,1500000,3084444
2017,2633333,5125000,3500000,6034375,1150000,1087500,2222063,1034375,1450069,3053750
2017,2538740,5118975,3500000,6000000,1087500,1065680,2187500,950000,1280141,3041668
2017,2537020,5081146,3375000,5900000,1059159,1037500,2158836,910000,1200000,3000000
2017,2510137,5040000,3250000,5869791,1000000,990940,2000000,900000,1105292,2968750
2017,2500000,5000000,3250000,5786082,900000,950023,1953125,880000,1098994,2966330
2017,2345984,5000000,3195833,5546875,899712,866311,1921000,875000,1074643,2746000
2017,2343750,4750000,3025022,5227569,895000,830023,1881666,775000,1011690,2648863
2017,2212168,4666666,3000000,5208628,886486,828750,1880361,775000,1000000,2600000
2017,2205828,4625000,3000000,5100000,775000,800315,1800000,775000,975000,2557466
2017,2179768,4500000,3000000,5000000,770246,800000,1797000,775000,925000,2374177
2017,2154087,4354166,2883334,5000000,765146,799843,1775000,725000,909272,2342709
2017,2051415,4347918,2862500,4976470,753424,788636,1761111,716327,799944,2310071
2017,2000000,4250000,2843750,4950000,735413,738116,1700000,695000,785201,2300000
2017,1950000,4134316,2800000,4925000,695000,733618,1700000,695000,752500,2284009
2017,1938348,4124080,2796183,4655529,694972,719483,1669243,695000,738971,2257949
2017,1918500,4018081,2750000,4575000,670908,708193,1650000,690000,733357,2250000
2017,1912500,4000000,2746000,4531250,656605,705882,1600512,690000,726220,2200000
2017,1910288,3953244,2595968,4531000,641572,695000,1500000,690000,690000,2000000
2017,1872146,3921875,2550000,4500000,640000,690000,1373731,688235,685215,1932880
2017,1854992,3820000,2515168,4375000,635848,658988,1241819,685000,668190,1932725
2017,1834747,3750000,2500000,4300000,628195,656563,1225000,663550,667228,1843750
2017,1813741,3734375,2486971,4250000,615000,635848,1200000,621450,656563,1800000
2017,1797000,3300000,2452928,4250000,615000,629945,1200000,615000,641572,1800000
2017,1450000,3225250,2450539,4033333,614781,627807,1191643,615000,635848,1797000
2017,1440000,3191909,2402379,3931950,580038,623914,1162500,615000,628683,1675000
2017,1392736,3190625,2323101,3925014,540000,620000,1134625,615000,615784,1646280
2017,1334375,3017284,2282407,3849700,540000,616668,1109500,615000,615000,1643750
2017,1300000,2921875,2250000,3800000,540000,616668,1050000,578456,615000,1615290
2017,1300000,2909465,2225000,3654319,540000,615000,1012240,560002,615000,1601569
2017,1259902,2684354,2008821,3621394,524874,615000,981250,558948,615000,1563198
2017,1116380,2600000,2000000,3613104,476470,615000,947099,540647,615000,1505697
2017,1100000,2600000,2000000,3609375,470294,615000,931561,540000,615000,1499538
2017,1075000,2500000,2000000,3591666,466666,615000,928856,540000,615000,1400000
2017,1048414,2468750,1994396,3550000,465000,613574,902795,540000,615000,1351039
2017,1020699,2375000,1959000,3368750,437647,607298,893750,540000,575713,1333333
2017,987500,2350000,1905716,3322377,434158,606498,842831,540000,573864,1311250
2017,980979,2336504,1850000,3270833,410294,603137,840000,540000,569384,1232696
2017,910614,2336130,1845613,3250000,405880,602005,819284,487289,541666,1180025
2017,900190,2321875,1833140,3125000,364067,601144,801300,469000,540000,1174583
2017,878623,2250000,1800000,3107317,363000,578823,793977,467500,540000,1163403
2017,876905,2250000,1800000,3062500,363000,569912,769711,466666,540000,1137058
2017,865334,2127646,1797000,3000000,319117,569912,764824,466333,540000,1132100
2017,855778,2083333,1797000,3000000,300883,568235,748482,465000,540000,1117095
2017,816654,2076335,1750000,3000000,285882,558941,738200,465000,539571,1105654
2017,800426,2068750,1683376,2875000,108529,541528,705000,465000,534125,1100000
2017,790136,2032726,1675000,2853391,63530,540000,695000,465000,521847,1094900
2017,778834,2000000,1642783,2831284,54706,540000,690000,437647,473565,1037500
2017,775921,2000000,1576187,2800000,52941,540000,690000,397941,471666,1012500
2017,775000,2000000,1550000,2746000,27353,540000,690000,382941,469000,967947
2017,775000,2000000,1533333,2746000,,540000,684641,381176,468333,935000
2017,773988,1978125,1500000,2723575,,540000,683123,370588,468333,891687
2017,738431,1971589,1489160,2681763,,527644,673070,354873,468333,838108
2018,16937500,26100000,20600000,17545000,37000000,14544000,13000000,5250000,10906250,18258000
2018,15675000,17900000,15500000,14968750,26500000,10500000,11935000,5046666,10143750,16850000
2018,15500000,17500000,13875000,13950000,25000000,8950000,11287000,5000000,9955900,16500000
2018,14956965,17143000,13600000,13856250,24750000,6806274,10400000,4200000,9750000,15982000
2018,13400000,17143000,13100059,13500000,24400000,6750000,10100000,3812500,9000000,14000000
2018,13000000,17000000,12450000,12496000,24000000,6245000,10000000,3646551,8000000,13750000
2018,12900000,17000000,12306000,12400000,24000000,6170645,9581250,3625000,7675000,13000000
2018,12506250,15500000,12306000,12166666,23786666,5453125,8990000,3550000,7218750,12900000
2018,11916666,15000000,12150000,12000000,23200000,5200000,8526000,3550000,7033334,12718750
2018,11166666,14920000,11444412,11400000,22200000,5000000,8406250,3550000,7000000,12033333
2018,11000000,14497000,11368750,11250000,22000000,4883334,8250000,3500000,6750000,11893750
2018,10366666,14000000,11016666,11136397,22000000,4500000,7050000,3500000,6333333,11062500
2018,10000000,13846000,10750000,11075000,21650000,4398285,7000000,3437500,5675000,11000000
2018,9600000,12750000,10000000,11050000,21500000,4312500,6800000,3200000,5675000,10937500
2018,9568750,12500000,9725000,10869791,20562500,4250000,6562500,3200000,5666666,10537500
2018,9000000,12456250,9662500,10800000,18400000,4137500,6516666,3000000,5618750,9750000
2018,8526000,11600000,9000000,10666666,16300000,3918477,6200000,3000000,5333333,9650000
2018,8526000,11545000,8750000,10551000,16000000,3500000,5900000,3000000,5187500,9600000
2018,8526000,11000000,8718000,10500000,15000000,3394929,5597000,2950000,5000000,9351250
2018,8500000,10768750,8718000,10500000,10625000,3166666,5500000,2925000,4500000,9250000
2018,7750000,10400000,8718000,10125220,10000000,3152250,5300000,2914000,4318750,8600000
2018,7500000,10175000,8718000,10000000,10000000,2914000,5058798,2700000,4125000,8459000
2018,7000000,10000000,8666250,9904000,8676666,2500000,5000000,2650000,3750000,8459000
2018,7000000,9837500,8523435,9750000,8066315,2468750,4911250,2550000,3600000,8459000
2018,7000000,9666666,8437500,9560000,7704446,2437500,4651041,2375000,3500000,8200019
2018,6833334,9600000,8250000,9500000,7619365,2181250,4333333,2362500,3398750,7955000
2018,6500000,9600000,8200000,9406250,7600000,2084523,4071875,2300000,3145000,7800000
2018,6368454,9550000,7703125,9341000,7275365,2066844,4000000,2250000,2833334,7525000
2018,6175000,9500000,7600000,9341000,6598278,2036459,3875000,2000000,2675000,7368750
2018,6126269,9100000,7500000,9341000,6000000,2000000,3800000,2000000,2521504,7210993
2018,6000000,8625000,7150000,9000000,4500000,2000000,3800000,2000000,2500000,7000000
2018,5312500,8050000,7000000,8875000,3733133,1907000,3750000,1887000,2468750,6275000
2018,5300000,8000000,6950000,8848158,3600000,1881655,3750000,1766666,2435978,6156250
2018,5281021,8000000,6200000,8796875,3300000,1833334,3500000,1750000,2300000,6000000
2018,5275000,7968750,6000000,8450000,3148700,1600000,3333333,1750000,2225000,5833334
2018,5109375,7625000,5956250,8381250,3000000,1474889,3300000,1710000,2164794,5771523
2018,4312500,7474171,5810235,8000000,3000000,1443939,3241177,1700000,2068944,5550000
2018,4132451,7300000,5200000,7903125,2605000,1331250,3131250,1500000,2000000,5500000
2018,4118663,7056459,4975000,7875000,2584444,1322405,2928449,1450000,1968750,5270060
2018,4046875,6911876,4750000,7703000,2200000,1243750,2914000,1400000,1959228,5000000
2018,4000000,6892000,4450000,7700000,2000000,1238675,2893750,1399285,1933334,5000000
2018,3937500,6700000,4350000,7668750,1907000,1150000,2875000,1300000,1907000,5000000
2018,3925000,6650000,4304417,7375000,1453125,1112500,2863615,1268000,1907000,5000000
2018,3916666,6500000,4250000,7358500,1425000,977939,2552000,1150000,1900000,5000000
2018,3866634,6500000,4066666,7200000,1270991,925000,2450000,1140000,1866666,4985833
2018,3600000,6500000,4000000,7177083,1175000,910315,2425000,1070000,1800000,4750000
2018,3490809,6398719,4000000,7125000,1034228,880137,2416666,1070000,1800000,4750000
2018,3197541,6112500,3850000,7000000,915000,878193,2350451,1067500,1740083,4500000
2018,3000000,5928003,3600000,7000000,843425,833116,2200000,1055000,1603250,4488620
2018,2968750,5500000,3600000,6906250,821605,823618,2000000,1015000,1500000,4450000
2018,2914000,5500000,3572916,6900000,801965,778371,2000000,965000,1373743,4375000
2018,2736981,5432000,3481250,6805000,795000,778238,1981250,925000,1343304,4281250
2018,2692609,5333333,3281250,6750432,784972,766892,1965070,905000,1289509,4250000
2018,2666666,5333333,3063174,6750000,760908,746565,1947450,883750,1137500,4166666
2018,2646993,5000000,2934363,6700000,760076,731572,1935838,830000,1075000,4125000
2018,2615721,5000000,2914000,6518750,758098,725848,1907000,825000,912500,4000000
2018,2600000,5000000,2901467,6500000,725848,725848,1887500,790000,875203,4000000
2018,2564269,4961180,2812500,6500000,720000,720000,1800000,790000,823357,4000000
2018,2500000,4887500,2802776,6166666,720000,720000,1750000,753550,816220,3889969
2018,2378960,4800000,2800000,6084375,705000,720000,1700000,730000,790000,3525000
2018,2293434,4687500,2787722,6000000,705000,719945,1602686,720000,775215,3460718
2018,2268750,4612118,2750000,5900000,704781,719000,1552274,720000,758192,3333333
2018,2250000,4375000,2725000,5900000,689928,713914,1514418,720000,755572,3281250
2018,2118750,4250000,2703125,5900000,630000,705000,1489554,705000,746565,3250000
2018,2052488,4250000,2500000,5867000,630000,705000,1418281,705000,734385,3178635
2018,2030431,4200000,2492995,5800000,630000,705000,1390000,705000,732774,2983710
2018,1964072,4000000,2475000,5768750,630000,705000,1300000,668456,725848,2914000
2018,1907000,4000000,2400000,5758333,630000,697298,1181658,650002,720000,2914000
2018,1875000,3940000,2375000,5750000,630000,696498,1180948,648948,718685,2914000
2018,1859372,3850000,2203125,5706250,630000,693137,1178125,630000,714000,2772085
2018,1750000,3718750,2166666,5687500,614874,692005,1175000,630000,705784,2769875
2018,1750000,3666666,2125000,5687500,556666,691144,1165000,630000,705000,2740811
2018,1741931,3625000,2104220,5586635,555000,680000,1136519,630000,705000,2709539
2018,1671283,3500000,2100000,5450000,555000,675000,1114628,630000,705000,2500000
2018,1612500,3500000,2081344,5400000,555000,659912,1109368,630000,705000,2200000
2018,1609291,3491358,2070183,5375000,555000,659912,1100000,577289,705000,2103690
2018,1562500,3487500,2053479,5375000,555000,648941,1083354,559000,669896,2085110
2018,1400000,3471875,2050000,5360000,555000,637346,1024859,557500,665713,2043406
2018,1395475,3250000,2027788,5155000,555000,631668,1008831,556666,663864,2025000
2018,1310517,3152081,2026582,5000000,496067,631000,962139,556333,631668,1968750
2018,1190818,3131746,2021169,5000000,480000,630000,939284,555000,630000,1963929
2018,1177174,3100000,2000000,4860931,480000,630000,838482,555000,630000,1959450
2018,1100435,3000000,2000000,4850000,480000,630000,805355,555000,630000,1907000
2018,1096131,3000000,1961643,4615625,480000,630000,774641,555000,630000,1907000
2018,1092737,2920630,1907000,4600000,480000,630000,773438,555000,630000,1907000
2018,1080228,2914000,1838886,4579184,480000,630000,769869,555000,630000,1907000
2018,1058139,2803356,1786992,4335725,480000,630000,761554,555000,630000,1868497
2018,1004999,2800000,1771355,4095000,480000,630000,754839,555000,630000,1800000
2018,973543,2666666,1727574,4083334,480000,630000,723001,555000,630000,1775000
2018,906657,2635540,1706250,4068750,,630000,721449,555000,630000,1756649
2018,881718,2612500,1700722,4000000,,630000,720552,555000,630000,1750000
2018,824173,2553176,1700000,3625204,,630000,720000,480000,630000,1621247
2018,794348,2546875,1675644,3591668,,630000,709723,480000,630000,1544373
2018,788950,2500000,1640520,3500000,,630000,705000,480000,629571,1540870
2018,781282,2500000,1608333,3500000,,630000,705000,480000,625511,1466746
2018,778040,2464486,1600000,3397541,,630000,705000,480000,624125,1396083
2018,777655,2431250,1568082,3208333,,630000,705000,480000,611847,1333334
2018,771432,2422392,1533333,3000000,,630000,705000,480000,570000,1161537
2018,768357,2345618,1519788,2990994,,630000,655089,480000,561666,1150000
2018,767782,2321939,1500000,2967263,,630000,655089,480000,559000,953585